,ID,Created UTC,Post URL,Title,Link flair text,Score,Num comments,Upvote ratio
0,yql2u5,1668005455.0,https://www.psypost.org/2022/11/attractive-female-students-no-longer-earned-higher-grades-when-classes-moved-online-during-covid-19-64251,Attractive female students no longer earned higher grades when classes moved online during COVID-19,Psychology,123324,4077,0.8
1,yt4yf8,1668253952.0,https://news.yale.edu/2022/07/05/insulin-extreme-financial-burden-over-14-americans-who-use-it,"For more than 14% of people who use insulin in the U.S., insulin costs consume at least 40% of their available income, a new study finds",Health,74983,2581,0.93
2,z6yfhp,1669646858.0,https://www.aeaweb.org/articles?id=10.1257/aer.20181805,"White South-African students who were randomly allocated to share a dorm room with black students were less likely to express negative stereotypes of Blacks and more likely to form interracial friendships, while the black students improved their GPA, passed more exams and had lower dropout rates.",Social Science,56861,1818,0.86
3,z5sinj,1669526354.0,https://www.newscientist.com/article/2348568-genetically-modified-tobacco-plant-produces-cocaine-in-its-leaves/,Genetically modified tobacco plant produces cocaine in its leaves,Genetics,44452,2251,0.94
4,z4c8vj,1669379400.0,https://www.marijuanamoment.net/federally-funded-study-shows-marijuana-legalization-is-not-associated-with-increased-teen-use/,Federally Funded Study Shows Marijuana Legalization Is Not Associated With Increased Teen Use,Health,43931,963,0.9
5,z9hf3m,1669878810.0,https://www.politico.com/news/2022/11/29/gun-death-rates-highest-levels-00071285,"U.S. gun death rates hit highest levels in decades, study says",Social Science,41216,4941,0.8
6,ytfpzi,1668280343.0,https://www.nbcnews.com/health/health-news/can-money-buy-happiness-study-rcna56281,"Small study suggests money can buy happiness — for households earning up to $123,000. In a six-month experiment, people who received cash transfers of $10,000 generally reported feeling happier than people who did not receive the payment.",Psychology,40118,2058,0.88
7,z6gobg,1669592807.0,https://www.psychologytoday.com/us/blog/finding-new-home/202211/living-alone-increases-risk-depression-42-study-says,"Living alone increases the risk for depression by 42%, according to recent research (seven studies; 123,859 individuals)",Psychology,38828,1367,0.91
8,yvbojx,1668457844.0,https://www.eurekalert.org/news-releases/971207,"Oldest evidence of the controlled use of fire to cook food. Hominins living at Gesher Benot Ya’akov 780,000 years ago were apparently capable of controlling fire to cook their meals, a skill once thought to be the sole province of modern humans who evolved hundreds of thousands of years later.",Anthropology,34604,1049,0.95
9,zeyk1q,1670411559.0,https://www.eurekalert.org/news-releases/973130,Hospital parking fees contribute to financial toxicity for cancer patients,Psychology,37479,1347,0.93
10,ypos33,1667919751.0,https://www.scimex.org/newsfeed/hybrid-rice-could-put-the-carbon-in-our-carbs,"A new breed of rice that is a hybrid of an annual Asian rice and a perennial African rice could be a more sustainable option. The hybrid rice was able to produce grain for 8 consecutive harvests over four years at a yield comparable to the standard annual Asian rice, with much lower costs & labour.",Environment,34200,654,0.95
11,z3qlph,1669313193.0,https://www.tandfonline.com/doi/full/10.1080/01425692.2022.2122942,"Study shows when comparing students who have identical subject-specific competence, teachers are more likely to give higher grades to girls.",Social Science,33855,2395,0.89
12,zei3x2,1670360830.0,https://www.uc.edu/news/articles/2022/11/uc-study--harm-reduction-vending-machine-makes-impact.html,"Nearly 1,000 overdoses reversed using naloxone distributed through vending machine",Health,33893,910,0.94
13,z1dqe2,1669072893.0,https://jamanetwork.com/journals/jamanetworkopen/fullarticle/2798827,"Return on Investment of the COVID-19 Vaccination: every $1 invested in the New York City vaccination campaign yielded an estimated $10.19 in cost savings from lower infection and mortality rates, fewer productivity losses, and averted health care use.",Medicine,32395,972,0.85
14,zda6f9,1670254802.0,https://www.scimex.org/newsfeed/its-not-them-its-you-why-potatoes-dont-deserve-their-bad-reputation,"Study finds that a higher vegetable, but not potato, intake might help mitigate type 2 diabetes risk, partly by reducing BMI. However, when researchers separated boiled potatoes from mashed potatoes, fries or crisps, boiled potatoes were no longer associated with a higher risk of diabetes.",Health,32350,2192,0.91
15,yulopd,1668391046.0,https://www.psypost.org/2022/11/long-covid-study-suggests-lost-connections-between-neurons-may-explain-cognitive-symptoms-64291,Long COVID study suggests lost connections between neurons may explain cognitive symptoms,Health,32305,1088,0.9
16,yy2651,1668720549.0,https://www.telegraph.co.uk/news/2022/11/17/vaccine-doubles-brain-tumour-survival-rate-medical-breakthrough/,Vaccine doubles brain tumour survival rate in medical breakthrough,Medicine,31677,401,0.94
17,z7xr4k,1669737212.0,https://www.theguardian.com/science/2022/nov/29/plant-based-diet-reduce-bowel-cancer-risk-in-men-research,"Plant-based diet can cut bowel cancer risk in men by 22%, says study | Nutrition",Health,30865,1676,0.84
18,yzaqe7,1668860746.0,https://sealevel.nasa.gov/news/244/nasa-study-rising-sea-level-could-exceed-estimates-for-us-coasts/,NASA Study: Rising Sea Level Could Exceed Estimates for U.S. Coasts,Earth Science,30840,1593,0.9
19,z8styp,1669818382.0,https://www.psypost.org/2022/11/taking-hydrocortisone-immediately-after-a-traumatic-event-may-help-prevent-ptsd-64410,Taking hydrocortisone immediately after a traumatic event may help prevent PTSD,Psychology,29779,1161,0.91
20,zc78qe,1670152708.0,https://psycnet.apa.org/doiLanding?doi=10.1037%2Fbul0000366,"Meta-analysis shows a stronger sex drive in men compared to women. Men more often think and fantasize about sex, more often experience sexual affect like desire, and more often engage in masturbation than women.",Health,27109,3737,0.82
21,yw5hfq,1668536819.0,https://www.sciencenews.org/article/clam-presumed-extinct-found-alive,"A clam presumed extinct for 40,000 years has been found alive. Known as Cymatioa cooki, the clam had only ever been found as a fossil, and scientists presumed that the species had been extinct for more than 40,000 years.",Biology,24991,468,0.97
22,z5ci4x,1669482695.0,https://www.psypost.org/2022/11/people-with-a-weak-future-time-perspective-are-more-likely-to-engage-in-bedtime-procrastination-64387,People with a weak future time perspective are more likely to engage in bedtime procrastination,Psychology,22957,906,0.92
23,yst2ks,1668216513.0,https://norml.org/news/2022/11/10/analysis-inhaled-cannabis-reduces-pain-and-anxiety-improves-health-related-quality-of-life-in-patients-with-treatment-resistant-conditions/,"Inhaled Cannabis Reduces Pain and Anxiety, Improves Health-Related Quality of Life in Patients with Treatment-Resistant Conditions",Health,22582,994,0.87
24,z03enz,1668948824.0,https://www.psypost.org/2022/11/testosterone-levels-help-explain-why-women-tend-to-experience-lower-sexual-desire-for-their-partners-64339,Testosterone levels help explain why women tend to experience lower sexual desire for their partners. Sexual desire for one’s partner — also called dyadic sexual desire — plays an important role in healthy long-term relationships.,Health,22253,1163,0.72
25,zch418,1670177996.0,https://www.psypost.org/2022/12/adverse-childhood-experiences-linked-to-excessive-alcohol-consumption-in-college-students-64442,Adverse childhood experiences linked to excessive alcohol consumption in college students,Health,22140,743,0.94
26,z2uphc,1669223673.0,https://www.psypost.org/2022/11/overconfidence-in-ones-reasoning-abilities-and-distrust-of-science-are-linked-to-covid-19-conspiracy-beliefs-64373,Overconfidence in one's reasoning abilities and distrust of science are linked to COVID-19 conspiracy beliefs,Psychology,22094,1831,0.82
27,ypu74n,1667931642.0,https://www.psypost.org/2022/11/both-democrats-and-republicans-misremember-events-surrounding-the-capital-riot-but-in-strikingly-different-ways-64243,"Most Americans endorsed false memories of the Capital riot and these memories tended to favor their political party, per a recent study",Psychology,21955,1284,0.76
28,za7rdb,1669946449.0,https://www.newscientist.com/article/2349475-vaccine-prompts-hiv-antibodies-in-97-per-cent-of-people-in-small-study/,Vaccine prompts HIV antibodies in 97 per cent of people in small study,Health,21294,355,0.96
29,yxx4pc,1668708632.0,https://www.eurekalert.org/news-releases/971619,"Violent sexual predators are using dating apps as hunting grounds for vulnerable victims. Rape cases stood out in disturbing ways: victims with mental illnesses and other vulnerabilities were targeted, and the attacks were significantly more violent.",Psychology,21027,491,0.93
30,z9lr5h,1669894990.0,https://www.cambridge.org/core/journals/american-political-science-review/article/laboratories-of-democratic-backsliding/0742F08306EFDD8612539F089853E4FE,"Numerous states in the US have become less democratic over 2000–2018. The reason why: Republican control of state government. ""Across measures and model specifications, the results are remarkably clear: Republican control of state government reduces democratic performance.""",Social Science,20854,1324,0.81
31,yrd9au,1668082782.0,https://www.psypost.org/2022/11/disproportionate-experiences-with-sexual-violence-help-explain-gender-differences-in-mental-health-problems-64254,Disproportionate experiences with sexual violence help explain gender differences in mental health problems,Health,20599,1603,0.86
32,yu065r,1668342201.0,https://www.sci.news/paleontology/devonian-mass-extinctions-11384.html,"Evolution of Tree Roots Triggered Series of Devonian Mass Extinctions, Study Suggests.The evolution of tree roots likely flooded past oceans with excess nutrients, causing massive algae growth; these destructive algae blooms would have depleted most of the oceans’ oxygen, triggering mass extinctions",Earth Science,20456,538,0.95
33,z7m1b8,1669704318.0,https://www.theguardian.com/australia-news/2022/nov/29/cannabis-oil-failed-to-improve-pain-or-quality-of-life-in-palliative-care-cancer-patients-study-shows,"Cannabis oil failed to improve pain or quality of life in palliative care cancer patients, study shows | Australia news",Health,19726,1337,0.82
34,z89mxl,1669763941.0,https://www.psychnewsdaily.com/facial-scars-no-impact-on-attractiveness/,"New study (1,800 participants, 89,000 ratings) finds that small facial scars don't have a significant negative impact on attractiveness, with scarred faces even being assessed as slightly friendlier than average.",Medicine,19307,548,0.94
35,z3dd7r,1669274313.0,https://theconversation.com/people-dont-mate-randomly-but-the-flawed-assumption-that-they-do-is-an-essential-part-of-many-studies-linking-genes-to-diseases-and-traits-194793,People don’t mate randomly – but the flawed assumption that they do is an essential part of many studies linking genes to diseases and traits,Genetics,18887,630,0.94
36,yxbn5a,1668646021.0,https://www.eurekalert.org/news-releases/971289,"Earth can regulate its own temperature over millennia, new study finds: Scientists have confirmed that a “stabilizing feedback” on 100,000-year timescales keeps global temperatures in check",Environment,18863,1715,0.86
37,yv0gfb,1668434910.0,https://www.psypost.org/2022/11/autistic-people-outperform-neurotypicals-in-a-cartoon-version-of-an-emotion-recognition-task-64294,Autistic people outperform neurotypicals in a cartoon version of an emotion recognition task,Psychology,18740,849,0.89
38,ys3v4t,1668150727.0,https://themarijuanaherald.com/2022/11/harvard-study-cbd-may-significantly-reduce-anxiety-with-minimal-side-effects/,Harvard Study: CBD May Significantly Reduce Anxiety With Minimal Side Effects,Health,18686,756,0.92
39,yvvf2t,1668514393.0,https://www.psypost.org/2022/11/study-links-identity-threat-among-white-evangelicals-to-the-belief-trumps-election-was-part-of-gods-plan-64300,Study links identity threat among white evangelicals to the belief Trump’s election was part of God’s plan,Psychology,18367,1702,0.84
40,zaus2a,1670008593.0,https://www.cnn.com/2022/12/02/health/marijuana-pain-control-wellness/index.html,"Pain relief from marijuana comes from a belief it helps, study finds",Medicine,18184,1951,0.67
41,z1skfi,1669120734.0,https://pubs.acs.org/doi/10.1021/acs.est.2c04706,"Researchers find an abundance of microplastics in placentas and meconium samples. They found traces of MPs in all samples, mainly polyurethane (PU) and polyamide (PA). More than three-quarters of the MPs were between 20 and 50 μm in size",Health,17176,783,0.96
42,yr4kew,1668052353.0,https://newatlas.com/biology/octopuses-hurl-objects-rare-animal-throwing/,"Octopuses hurl objects in rare example of animal throwing behavior. Scientists studying the behavior of wild octopuses off the coast of Australia have made a strange discovery, with the creatures caught hurling silt, algae and even shells at one another in a rare example of animal throwing behavior.",Animal Science,15459,515,0.96
43,z2l5jh,1669197570.0,https://www.wired.com/story/genetically-engineered-mosquitoes-population/,"Genetically-engineered mosquitoes suppress survival of their kind, in field trials designed to reduce mosquito-borne diseases",Biology,15278,528,0.96
44,yrkggk,1668098343.0,https://www.psypost.org/2022/11/exercise-can-reduce-feelings-of-hopelessness-among-patients-in-suicide-crisis-pilot-study-finds-64257,"Exercise can reduce feelings of hopelessness among patients in suicide crisis, pilot study finds",Health,14773,449,0.96
45,zfbcst,1670442097.0,https://www.umass.edu/news/article/soil-midwestern-us-eroding-10-1000-times-faster-it-forms-study-finds,"Soil in Midwestern US is Eroding 10 to 1,000 Times Faster than it Forms, Study Finds",Earth Science,39036,1772,0.94
46,ze10jr,1670316938.0,https://www.psychologytoday.com/gb/blog/finding-new-home/202212/3-key-elements-fulfilling-life,"New research finds that people view a fulfilled life as associated primarily with having lived a full life, attained meaningful goals, developed oneself, contributed to other people’s lives, and left a positive legacy.",Social Science,14197,450,0.9
47,z0duu8,1668974937.0,https://www.psypost.org/2022/11/highly-ruminative-individuals-with-depression-exhibit-abnormalities-in-the-neural-processing-of-gastric-interoception-64337,Highly ruminative individuals with depression exhibit abnormalities in the neural processing of gastric interoception,Health,13878,798,0.95
48,zako08,1669983652.0,https://newatlas.com/medical/charged-nanomaterial-injection-fat-depots-obesity/,Major obesity advance takes out targeted fat depots anywhere in the body,Health,13734,1013,0.94
49,yvnr4n,1668489498.0,https://www.mdpi.com/1999-4923/14/11/2290,"New fentanyl vaccine could prevent opioid from entering the brain -- An Immunconjugate Vaccine Alters Distribution and Reduces the Antinociceptive, Behavioral and Physiological Effects of Fentanyl in Male and Female Rats",Health,13657,1220,0.94
50,yymso2,1668785342.0,https://link.springer.com/content/pdf/10.1007/s11920-022-01382-9.pdf,"Incels report significant issues pertaining to their mental, social, and relational well-being and may seek support from forums that often feature misogynistic and violent content.",Psychology,12702,2105,0.88
51,z26ysp,1669155560.0,https://academic.oup.com/nutritionreviews/advance-article-abstract/doi/10.1093/nutrit/nuac096/6839865,"Despite high heterogeneity across studies, these results indicate that children and adolescents on plant-based diets, especially those on vegan and macrobiotic diets, may be at risk of developing vitamin B12 deficiency.",Health,12391,1243,0.86
52,yw0bfh,1668526077.0,https://www.wsj.com/articles/marijuana-may-hurt-smokers-more-than-cigarettes-alone-11668517007?mod=hp_lead_pos11,Marijuana May Hurt Smokers More than Cigarettes Alone,Health,11903,3439,0.7
53,yqxoei,1668033109.0,https://apnews.com/article/ff17a85c74136888458442d608cdf635,"In a first, doctors treat fatal genetic disease before birth",Genetics,11629,194,0.97
54,yqiayk,1667998734.0,https://www.psypost.org/2022/11/liberals-produce-more-tweets-about-important-events-conservatives-are-more-likely-to-share-rumors-64245,"While rumor-spreading decreased among liberals after official correction, it often increased among conservatives, study suggests",Psychology,11347,538,0.87
55,z6yvle,1669647993.0,https://www.tandfonline.com/doi/full/10.1080/10511482.2022.2109710,"Study: Renters underrepresented in local, state and federal government; 1 in 3 Americans rent but only around 7% of elected officials are renters",Economics,11032,462,0.93
56,z6z82t,1669648873.0,https://pubmed.ncbi.nlm.nih.gov/36436924/,"Regarding cancer risk and alcohol consumption, there is no safe drinking limit : even light alcohol consumption is dangerous.",Medicine,11012,1325,0.91
57,zb5auq,1670034592.0,https://beta.nsf.gov/news/largest-potentially-hazardous-asteroid-detected-8,Largest potentially hazardous asteroid detected in 8 years: Twilight observations spot 3 large near-Earth objects lurking in the inner solar system,Astronomy,10947,580,0.96
58,ysnpli,1668202087.0,https://www.psypost.org/2022/11/people-who-earn-less-than-they-think-they-should-tend-to-attribute-this-to-unfairness-of-the-economy-64261,People who earn less than they think they should tend to attribute this to unfairness of the economy,Psychology,10811,1351,0.85
59,ywzsbo,1668619293.0,https://www.ncbi.nlm.nih.gov/pmc/articles/PMC9565972/,Cannabis use is closely and causally associated with testicular cancer rates across both time and space and higher in States with liberal cannabis legislation.,Medicine,10676,1573,0.69
60,zbxj6a,1670119639.0,https://www.eurekalert.org/news-releases/973063,Researchers from the University of Birmingham have shown that human T cell immunity is currently coping with mutations that have accumulated over time in COVID-19 variants.,Epidemiology,10197,291,0.96
61,yzrop2,1668907616.0,https://www.sciencedirect.com/science/article/pii/S2542504822000392,Worldwide around 41% of the total amount of tyres is discarded into landfills or stockpiles without any recovery of the material or of the energy. The chemical composition of tyres makes them extremely resistant to degradation phenomena with a potential long-term permanence in the environment,Environment,10021,418,0.95
62,zdqgbm,1670288771.0,https://arstechnica.com/science/2022/12/as-the-arctic-warms-beavers-are-moving-in/,"As the Arctic warms, beavers are moving in",Environment,9766,325,0.97
63,zdeghq,1670263747.0,https://jamanetwork.com/journals/jamainternalmedicine/fullarticle/2799223?guestAccessKey=180aa224-09cd-4fa4-973e-4cab07369c83&utm_source=For_The_Media&utm_medium=referral&utm_campaign=ftm_links&utm_content=tfl&utm_term=120522,"Paying obese people cash to lose weight doubles their rate of fat loss. The study showed participants in the cash-incentive groups lost the 10lbs (4.5kg) target within six months, but those in the other group only got half way to the target",Health,9265,658,0.96
64,z618wu,1669555720.0,https://www.washington.edu/news/2022/11/16/more-u-s-adults-carrying-loaded-handguns-daily-study-finds/,"More US adults carrying loaded handguns daily, study finds",Social Science,8925,2958,0.94
65,zbdi09,1670064043.0,https://www.uea.ac.uk/news/-/article/overweight-women-most-likely-to-suffer-long-covid,"Overweight women most likely to suffer long covid. The study is one of the largest studies on long Covid in the UK. It shows that having a higher BMI is linked with the condition, and that women are more likely to experience long Covid than men.",Health,8856,560,0.94
66,ze5m44,1670330180.0,https://www.eurekalert.org/news-releases/973407,"Consistent exercise can change not just waistlines but the very molecules in the human body that influence how genes behave, a new study of twins indicates.",Health,8862,368,0.97
67,yrwp30,1668127274.0,https://people.com/pets/beavers-could-help-protect-rivers-from-climate-change-study/,"Beavers Could Help Protect U.S. Rivers, Study Finds",Animal Science,8484,354,0.96
68,yx9mnt,1668640784.0,https://direct.mit.edu/rest/article-abstract/104/6/1341/97747/Racial-Disparities-in-Voting-Wait-Times-Evidence?redirectedFrom=fulltext,"In the 2016 election in the US, residents of black neighborhoods waited 29% longer to vote and were 74% more likely to spend 30+ minutes at their polling place (relative to white neighborhoods). This disparity holds when comparing white and black polling places within the same states and counties.",Social Science,8403,429,0.93
69,z9sevd,1669912596.0,https://agnr.umd.edu/news/keep-your-cats-inside-sake-their-health-and-local-ecosystem,"Keep your cats inside for the sake of their health and local ecosystem: cameras recorded what cats preyed on and demonstrated how they overlapped with native wildlife, which helped researchers understand why cats and other wildlife are present in some areas, but absent from others",Animal Science,7874,1136,0.92
70,yyte94,1668802355.0,https://www.nature.com/articles/s43587-022-00311-y,Intermittent fasting protects against Alzheimer's disease in mice by altering metabolism through remodeling of the gut microbiota,Health,7521,280,0.96
71,z6y7t4,1669646329.0,https://www.aeaweb.org/articles?id=10.1257/aer.20181506,"Between 1996 and 2018, the minimum wage in Brazil increased by 128%. This contributed to a massive reduction in income inequality with little adverse effects on employment and economic output.",Economics,7440,184,0.96
72,z542q1,1669457423.0,https://news.arizona.edu/story/525-million-year-old-fossil-defies-textbook-explanation-brain-evolution,"525-million-year-old fossil defies textbook explanation for brain evolution, revealing that a common genetic blueprint of brain organization has been maintained from the Cambrian until today",Genetics,7280,225,0.97
73,z9nmnb,1669900595.0,https://www.bmj.com/content/379/bmj-2022-073070,"COVID-19 vaccines. The study of more than 800,000 patients found that the vaccines remain effective in preventing death in adolescents and children, regardless of which variants are predominant (Delta, Omicron, etc.).",Health,7183,1134,0.87
74,yyyp64,1668816667.0,https://www.pnas.org/post/journal-club/cancer-killing-drug-strategy-harnesses-immune-system,"Early results suggest a new cancer-fighting drug, an immune stimulator antibody conjugate, can stimulate the immune system to attack tumors from within, a strategy that could prove fruitful for future treatments",Cancer,6966,104,0.96
75,z1ya6v,1669135378.0,https://www.zmescience.com/science/sheep-flock-leader-leadership-92452234234/,Sheep flocks operate as a type of ‘collective intelligence’ and elect temporary leaders to guide them while moving. The fluidity of this process is extremely surprising.,Animal Science,6891,150,0.97
76,z6942b,1669574974.0,https://www.psypost.org/2022/11/smartphone-addiction-linked-with-lower-cognitive-abilities-less-self-control-and-worse-psychological-well-being-64400,"Smartphone addiction linked with lower cognitive abilities, less self-control, and worse psychological well-being",Health,6855,370,0.96
77,z171qw,1669057278.0,https://themarijuanaherald.com/2022/11/study-cannabinoids-may-induce-immunogenic-cell-death/,Study: Cannabinoids May Induce Immunogenic Cell Death,Cancer,6823,468,0.92
78,yshfnx,1668188576.0,https://www.pnnl.gov/news-media/world-will-probably-warm-beyond-15-degree-limit-peak-warming-can-be-curbed,"The world's current climate pledges are insufficient to keep global warming below 1.5 degrees Celsius. We will overshoot. In new research, scientists chart several potential courses in which the overshoot period is shortened, in some cases by decades.",Environment,6527,399,0.93
79,zcfm9v,1670174707.0,https://www.aacr.org/about-the-aacr/newsroom/news-releases/few-americans-are-aware-of-links-between-alcohol-and-cancer-risk/,"Despite conclusive research that shows that all alcoholic beverages, including wine, increase the risk of many types of cancer, Americans demonstrated low awareness of this risk, and some perceived alcohol as having health benefits",Social Science,6511,662,0.94
80,zd7iww,1670248913.0,https://www.psypost.org/2022/12/a-low-dose-of-caffeine-suppresses-alpha-brain-waves-and-improves-executive-functioning-64449,A low-dose of caffeine suppresses alpha brain waves and improves executive functioning,Neuroscience,6232,586,0.97
81,z3mml5,1669303285.0,https://stratcann.com/news/more-testing-needed-to-address-heavy-metals-in-vapes-say-researchers/,"More testing needed to address heavy metals in cannabis vapes, say researchers",Health,6174,418,0.96
82,yxw2kd,1668706075.0,https://astronomy.com/news/2022/11/pristine-meteorite-found-within-hours-of-hitting-earth,"Pristine meteorite found and analyzed within hours of hitting Earth, helping shed light on the birth of the solar system.",Astronomy,6122,268,0.97
83,z0svf0,1669016437.0,https://jamanetwork.com/journals/jama/fullarticle/2798990?utm_source=twitter&utm_campaign=content-shareicons&utm_content=article_engagement&utm_medium=social&utm_term=111922#.Y3j_FREvPnQ.twitter,"The US continued to experience significantly higher COVID-19 and excess all-cause mortality compared with peer countries during 2021 and early 2022, a difference accounting for 150 000 to 470 000 deaths. This difference was muted in the 10 states with highest vaccination coverage.",Medicine,5826,420,0.92
84,ze1ty2,1670319421.0,https://jamanetwork.com/journals/jamaneurology/fullarticle/2799140,A new study has found that middle-aged adults who ate the most ultra-processed foods saw their brains decline 28 per cent quicker than those eating the least.,Health,5676,359,0.96
85,z2oa9s,1669207747.0,https://journals.sagepub.com/doi/10.1177/13591053221134848,"People’s fear of COVID-19 has led to worsened mental health. Research found COVID-19 fear continued to have an impact on people’s wellbeing when circumstances had appeared to considerably improve, thus demonstrating the long-term impact of the pandemic on wellbeing.",Health,5465,983,0.92
86,yylrk3,1668782631.0,https://www.nihr.ac.uk/news/investigating-effects-of-water-fluoridation-on-childrens-dental-health/31995,"Adding fluoride to water supplies may deliver a modest benefit to children’s dental health, finds an NIHR-funded study. But, the benefits are smaller than shown in previous studies - carried out 50 years ago - when fluoride toothpaste was less available in the UK.",Health,5183,368,0.94
87,yuvf0g,1668422297.0,https://today.umd.edu/todays-honey-bees-live-only-half-as-long-as-70s-bees,"The lifespans of honey bees living in laboratory environments has dropped about 50% over the last 50 years, hinting at possible causes for the worrisome trends across the beekeeping industry, according to new research by University of Maryland entomologists.",Animal Science,5088,146,0.97
88,z08cut,1668961718.0,https://link.springer.com/article/10.1007/s40653-022-00475-0,"LGB Youth More Than Twice as Likely to Attempt Suicide Than Heterosexual Peers. Sexual abuse had the strongest influence on suicidal thoughts and attempts among gay and lesbian youth, while sexual dating violence had the biggest impact on bisexual adolescents.",Anthropology,5036,529,0.9
89,z4hoea,1669394082.0,https://www.psypost.org/2022/11/dissociative-symptoms-are-common-among-individuals-with-depression-study-finds-64377,"Dissociative symptoms are common among individuals with depression, study finds",Psychology,5031,172,0.97
90,za3ie2,1669936605.0,https://www.cambridge.org/core/journals/public-health-nutrition/article/big-food-and-drink-sponsorship-of-conferences-and-speakers-a-case-study-of-one-multinational-companys-influence-over-knowledge-dissemination-and-professional-engagement/8CDF0FB72D25E36033C459777F336B4F,"A new study based on 22 FOI requests of over 11,000 pages found that Coca-Cola exerts direct influence on academic institutions and organizations that convene major public health conferences and events, and makes payments directly to speakers and researchers conditional on media interviews.",Health,5026,129,0.97
91,ywdhum,1668555909.0,https://newsroom.unsw.edu.au/news/science-tech/dam-safety-study-indicates-probable-maximum-flood-events-will-significantly?utm_source=reddit&utm_medium=social,Study indicates flood events at dams will significantly increase over next 80 years due to out of date rainfall modelling and climate change.,Engineering,4596,73,0.96
92,zenarg,1670373393.0,https://arstechnica.com/science/2022/12/ankylosaurs-tails-may-have-been-the-original-cretaceous-fight-clubs/,New find suggests ankylosaur’s tail clubs were for bashing each other,Paleontology,4569,407,0.96
93,yyo1ra,1668788602.0,https://www.psypost.org/2022/11/psychologists-demonstrate-why-feeling-appreciated-is-particularly-important-for-avoidantly-attached-individuals-64335,Psychologists demonstrate why feeling appreciated is particularly important for avoidantly attached individuals,Psychology,4515,159,0.97
94,z41clj,1669342971.0,https://www.science.org/doi/10.1126/science.abm0271,New mRNA vaccine targeting all known flu strains shows early promise,Epidemiology,4271,239,0.94
95,yqjaev,1668001176.0,https://www.ecu.edu.au/newsroom/articles/research/less-gym-time-same-results-why-lowering-weights-is-all-you-need-to-do,New research on 53 people found those who only lowered a weight saw the same improvements in muscle strength and muscle size as those who raised and lowered weights — despite only performing half the number of repetitions,Health,4245,554,0.94
96,z3h5to,1669287872.0,https://news.liverpool.ac.uk/2022/11/23/the-real-paleo-diet-new-archaeological-evidence-changes-what-we-thought-about-how-ancient-humans-prepared-food/,"Palaeolithic hunter-gatherers used culinary seasoning in food preparation, according to analysis of the oldest charred food remains ever found",Paleontology,4171,148,0.98
97,zbhy0t,1670078891.0,https://www.psypost.org/2022/12/study-on-lsd-microdosing-uncovers-neuropsychological-mechanisms-that-could-underlie-anti-depressant-effects-64429,Study on LSD microdosing uncovers neuropsychological mechanisms that could underlie anti-depressant effects (4 min read) | PsyPost [Dec 2022],Neuroscience,4103,277,0.95
98,yrvd7y,1668123584.0,https://www.eurekalert.org/news-releases/970898,Experimental cancer vaccine shows promise in animal studies,Cancer,4095,152,0.96
99,ys7l6b,1668165679.0,https://www.eurekalert.org/news-releases/970966,"Older men and women show an association between lower grip strength and biological age acceleration across the DNA methylation clocks. Healthy dietary habits are very important, but regular exercise is the most critical thing that somebody can do to preserve health across the lifespan",Health,4095,127,0.97
