,id,created_unix_utc,post_url,post_title,flair,score,num_comments,upvote_ratio
0,yt4yf8,1668253952.0,https://news.yale.edu/2022/07/05/insulin-extreme-financial-burden-over-14-americans-who-use-it,"For more than 14% of people who use insulin in the U.S., insulin costs consume at least 40% of their available income, a new study finds",Health,75014,2580,0.93
1,zgzchr,1670597628.0,https://www.eurekalert.org/news-releases/973474,Greta Thunberg effect evident among Norwegian youth. Norwegian youth from all over the country and across social affiliations cite teen activist Greta Thunberg as a role model and source of inspiration for climate engagement,Social Science,64060,2264,0.75
2,z6yfhp,1669646858.0,https://www.aeaweb.org/articles?id=10.1257/aer.20181805,"White South-African students who were randomly allocated to share a dorm room with black students were less likely to express negative stereotypes of Blacks and more likely to form interracial friendships, while the black students improved their GPA, passed more exams and had lower dropout rates.",Social Science,56885,1818,0.86
3,z5sinj,1669526354.0,https://www.newscientist.com/article/2348568-genetically-modified-tobacco-plant-produces-cocaine-in-its-leaves/,Genetically modified tobacco plant produces cocaine in its leaves,Genetics,44468,2247,0.94
4,z4c8vj,1669379400.0,https://www.marijuanamoment.net/federally-funded-study-shows-marijuana-legalization-is-not-associated-with-increased-teen-use/,Federally Funded Study Shows Marijuana Legalization Is Not Associated With Increased Teen Use,Health,43949,963,0.9
5,zj2d4g,1670782495.0,https://www.psypost.org/2022/12/when-women-do-more-household-labor-they-see-their-partner-as-a-dependent-and-sexual-desire-dwindles-64497,"When women do more household labor, they see their partner as a dependent and sexual desire dwindles, study finds",Psychology,71142,6759,0.78
6,zg2hm3,1670514119.0,https://theconversation.com/convictions-remain-rare-when-police-are-accused-of-sexual-assault-194965,Convictions remain rare when police are accused of sexual assault.,Social Science,43075,821,0.9
7,z9hf3m,1669878810.0,https://www.politico.com/news/2022/11/29/gun-death-rates-highest-levels-00071285,"U.S. gun death rates hit highest levels in decades, study says",Social Science,41220,4897,0.8
8,ytfpzi,1668280343.0,https://www.nbcnews.com/health/health-news/can-money-buy-happiness-study-rcna56281,"Small study suggests money can buy happiness — for households earning up to $123,000. In a six-month experiment, people who received cash transfers of $10,000 generally reported feeling happier than people who did not receive the payment.",Psychology,40132,2056,0.88
9,zfbcst,1670442097.0,https://www.umass.edu/news/article/soil-midwestern-us-eroding-10-1000-times-faster-it-forms-study-finds,"Soil in Midwestern US is Eroding 10 to 1,000 Times Faster than it Forms, Study Finds",Earth Science,39202,1783,0.94
10,z6gobg,1669592807.0,https://www.psychologytoday.com/us/blog/finding-new-home/202211/living-alone-increases-risk-depression-42-study-says,"Living alone increases the risk for depression by 42%, according to recent research (seven studies; 123,859 individuals)",Psychology,38859,1357,0.91
11,zeyk1q,1670411559.0,https://www.eurekalert.org/news-releases/973130,Hospital parking fees contribute to financial toxicity for cancer patients,Psychology,37562,1328,0.93
12,yvbojx,1668457844.0,https://www.eurekalert.org/news-releases/971207,"Oldest evidence of the controlled use of fire to cook food. Hominins living at Gesher Benot Ya’akov 780,000 years ago were apparently capable of controlling fire to cook their meals, a skill once thought to be the sole province of modern humans who evolved hundreds of thousands of years later.",Anthropology,34624,1049,0.95
13,zhduu8,1670632338.0,https://www.mdpi.com/2072-6643/14/23/5022,"A growing body of evidence indicates that Intermittent Fasting (IF) is a viable alternative to daily caloric restriction, showing effectiveness as a weight loss intervention.",Health,34400,2005,0.88
14,zei3x2,1670360830.0,https://www.uc.edu/news/articles/2022/11/uc-study--harm-reduction-vending-machine-makes-impact.html,"Nearly 1,000 overdoses reversed using naloxone distributed through vending machine",Health,33963,910,0.94
15,z3qlph,1669313193.0,https://www.tandfonline.com/doi/full/10.1080/01425692.2022.2122942,"Study shows when comparing students who have identical subject-specific competence, teachers are more likely to give higher grades to girls.",Social Science,33872,2389,0.89
16,z1dqe2,1669072893.0,https://jamanetwork.com/journals/jamanetworkopen/fullarticle/2798827,"Return on Investment of the COVID-19 Vaccination: every $1 invested in the New York City vaccination campaign yielded an estimated $10.19 in cost savings from lower infection and mortality rates, fewer productivity losses, and averted health care use.",Medicine,32395,971,0.85
17,zda6f9,1670254802.0,https://www.scimex.org/newsfeed/its-not-them-its-you-why-potatoes-dont-deserve-their-bad-reputation,"Study finds that a higher vegetable, but not potato, intake might help mitigate type 2 diabetes risk, partly by reducing BMI. However, when researchers separated boiled potatoes from mashed potatoes, fries or crisps, boiled potatoes were no longer associated with a higher risk of diabetes.",Health,32401,2189,0.91
18,yulopd,1668391046.0,https://www.psypost.org/2022/11/long-covid-study-suggests-lost-connections-between-neurons-may-explain-cognitive-symptoms-64291,Long COVID study suggests lost connections between neurons may explain cognitive symptoms,Health,32309,1086,0.9
19,yy2651,1668720549.0,https://www.telegraph.co.uk/news/2022/11/17/vaccine-doubles-brain-tumour-survival-rate-medical-breakthrough/,Vaccine doubles brain tumour survival rate in medical breakthrough,Medicine,31686,401,0.94
20,z7xr4k,1669737212.0,https://www.theguardian.com/science/2022/nov/29/plant-based-diet-reduce-bowel-cancer-risk-in-men-research,"Plant-based diet can cut bowel cancer risk in men by 22%, says study | Nutrition",Health,30881,1674,0.84
21,yzaqe7,1668860746.0,https://sealevel.nasa.gov/news/244/nasa-study-rising-sea-level-could-exceed-estimates-for-us-coasts/,NASA Study: Rising Sea Level Could Exceed Estimates for U.S. Coasts,Earth Science,30847,1593,0.9
22,z8styp,1669818382.0,https://www.psypost.org/2022/11/taking-hydrocortisone-immediately-after-a-traumatic-event-may-help-prevent-ptsd-64410,Taking hydrocortisone immediately after a traumatic event may help prevent PTSD,Psychology,29792,1158,0.91
23,zc78qe,1670152708.0,https://psycnet.apa.org/doiLanding?doi=10.1037%2Fbul0000366,"Meta-analysis shows a stronger sex drive in men compared to women. Men more often think and fantasize about sex, more often experience sexual affect like desire, and more often engage in masturbation than women.",Health,27145,3733,0.82
24,yw5hfq,1668536819.0,https://www.sciencenews.org/article/clam-presumed-extinct-found-alive,"A clam presumed extinct for 40,000 years has been found alive. Known as Cymatioa cooki, the clam had only ever been found as a fossil, and scientists presumed that the species had been extinct for more than 40,000 years.",Biology,24995,468,0.97
25,z5ci4x,1669482695.0,https://www.psypost.org/2022/11/people-with-a-weak-future-time-perspective-are-more-likely-to-engage-in-bedtime-procrastination-64387,People with a weak future time perspective are more likely to engage in bedtime procrastination,Psychology,22964,910,0.92
26,z03enz,1668948824.0,https://www.psypost.org/2022/11/testosterone-levels-help-explain-why-women-tend-to-experience-lower-sexual-desire-for-their-partners-64339,Testosterone levels help explain why women tend to experience lower sexual desire for their partners. Sexual desire for one’s partner — also called dyadic sexual desire — plays an important role in healthy long-term relationships.,Health,22254,1161,0.72
27,zch418,1670177996.0,https://www.psypost.org/2022/12/adverse-childhood-experiences-linked-to-excessive-alcohol-consumption-in-college-students-64442,Adverse childhood experiences linked to excessive alcohol consumption in college students,Health,22162,739,0.94
28,z2uphc,1669223673.0,https://www.psypost.org/2022/11/overconfidence-in-ones-reasoning-abilities-and-distrust-of-science-are-linked-to-covid-19-conspiracy-beliefs-64373,Overconfidence in one's reasoning abilities and distrust of science are linked to COVID-19 conspiracy beliefs,Psychology,22118,1832,0.82
29,za7rdb,1669946449.0,https://www.newscientist.com/article/2349475-vaccine-prompts-hiv-antibodies-in-97-per-cent-of-people-in-small-study/,Vaccine prompts HIV antibodies in 97 per cent of people in small study,Health,21293,355,0.96
30,ziwfqe,1670772587.0,https://www.psypost.org/2022/12/women-like-working-with-people-men-like-working-with-things-all-across-the-world-64485,"Women tend to prefer working with people, while men tend to prefer working with things, according to a new study based on an analysis of responses from people in 42 countries.",Psychology,25622,2059,0.82
31,yxx4pc,1668708632.0,https://www.eurekalert.org/news-releases/971619,"Violent sexual predators are using dating apps as hunting grounds for vulnerable victims. Rape cases stood out in disturbing ways: victims with mental illnesses and other vulnerabilities were targeted, and the attacks were significantly more violent.",Psychology,21031,490,0.93
32,z9lr5h,1669894990.0,https://www.cambridge.org/core/journals/american-political-science-review/article/laboratories-of-democratic-backsliding/0742F08306EFDD8612539F089853E4FE,"Numerous states in the US have become less democratic over 2000–2018. The reason why: Republican control of state government. ""Across measures and model specifications, the results are remarkably clear: Republican control of state government reduces democratic performance.""",Social Science,20860,1325,0.81
33,yu065r,1668342201.0,https://www.sci.news/paleontology/devonian-mass-extinctions-11384.html,"Evolution of Tree Roots Triggered Series of Devonian Mass Extinctions, Study Suggests.The evolution of tree roots likely flooded past oceans with excess nutrients, causing massive algae growth; these destructive algae blooms would have depleted most of the oceans’ oxygen, triggering mass extinctions",Earth Science,20456,538,0.95
34,zgflqw,1670541891.0,https://journals.plos.org/plosone/article?id=10.1371/journal.pone.0275973,"Suicidal thoughts surged as people struggled with finances and isolation during COVID-19, study finds",Psychology,19816,1202,0.95
35,z7m1b8,1669704318.0,https://www.theguardian.com/australia-news/2022/nov/29/cannabis-oil-failed-to-improve-pain-or-quality-of-life-in-palliative-care-cancer-patients-study-shows,"Cannabis oil failed to improve pain or quality of life in palliative care cancer patients, study shows | Australia news",Health,19734,1337,0.82
36,z89mxl,1669763941.0,https://www.psychnewsdaily.com/facial-scars-no-impact-on-attractiveness/,"New study (1,800 participants, 89,000 ratings) finds that small facial scars don't have a significant negative impact on attractiveness, with scarred faces even being assessed as slightly friendlier than average.",Medicine,19299,547,0.94
37,z3dd7r,1669274313.0,https://theconversation.com/people-dont-mate-randomly-but-the-flawed-assumption-that-they-do-is-an-essential-part-of-many-studies-linking-genes-to-diseases-and-traits-194793,People don’t mate randomly – but the flawed assumption that they do is an essential part of many studies linking genes to diseases and traits,Genetics,18889,627,0.94
38,yxbn5a,1668646021.0,https://www.eurekalert.org/news-releases/971289,"Earth can regulate its own temperature over millennia, new study finds: Scientists have confirmed that a “stabilizing feedback” on 100,000-year timescales keeps global temperatures in check",Environment,18870,1714,0.86
39,yv0gfb,1668434910.0,https://www.psypost.org/2022/11/autistic-people-outperform-neurotypicals-in-a-cartoon-version-of-an-emotion-recognition-task-64294,Autistic people outperform neurotypicals in a cartoon version of an emotion recognition task,Psychology,18741,849,0.89
40,yvvf2t,1668514393.0,https://www.psypost.org/2022/11/study-links-identity-threat-among-white-evangelicals-to-the-belief-trumps-election-was-part-of-gods-plan-64300,Study links identity threat among white evangelicals to the belief Trump’s election was part of God’s plan,Psychology,18368,1702,0.84
41,zaus2a,1670008593.0,https://www.cnn.com/2022/12/02/health/marijuana-pain-control-wellness/index.html,"Pain relief from marijuana comes from a belief it helps, study finds",Medicine,18195,1950,0.67
42,z1skfi,1669120734.0,https://pubs.acs.org/doi/10.1021/acs.est.2c04706,"Researchers find an abundance of microplastics in placentas and meconium samples. They found traces of MPs in all samples, mainly polyurethane (PU) and polyamide (PA). More than three-quarters of the MPs were between 20 and 50 μm in size",Health,17174,780,0.96
43,zgs4r7,1670577154.0,https://www.nature.com/articles/s41586-022-05607-y,"Across all inhabited continents of the world, people show prejudice and discriminatory attitudes towards individuals not vaccinated against COVID-19. This is the result of a global study from Aarhus University, which has just been published in the journal Nature.",Social Science,15303,2729,0.87
44,z2l5jh,1669197570.0,https://www.wired.com/story/genetically-engineered-mosquitoes-population/,"Genetically-engineered mosquitoes suppress survival of their kind, in field trials designed to reduce mosquito-borne diseases",Biology,15283,528,0.96
45,ze10jr,1670316938.0,https://www.psychologytoday.com/gb/blog/finding-new-home/202212/3-key-elements-fulfilling-life,"New research finds that people view a fulfilled life as associated primarily with having lived a full life, attained meaningful goals, developed oneself, contributed to other people’s lives, and left a positive legacy.",Social Science,14232,446,0.9
46,z0duu8,1668974937.0,https://www.psypost.org/2022/11/highly-ruminative-individuals-with-depression-exhibit-abnormalities-in-the-neural-processing-of-gastric-interoception-64337,Highly ruminative individuals with depression exhibit abnormalities in the neural processing of gastric interoception,Health,13873,799,0.95
47,zako08,1669983652.0,https://newatlas.com/medical/charged-nanomaterial-injection-fat-depots-obesity/,Major obesity advance takes out targeted fat depots anywhere in the body,Health,13743,1011,0.94
48,yvnr4n,1668489498.0,https://www.mdpi.com/1999-4923/14/11/2290,"New fentanyl vaccine could prevent opioid from entering the brain -- An Immunconjugate Vaccine Alters Distribution and Reduces the Antinociceptive, Behavioral and Physiological Effects of Fentanyl in Male and Female Rats",Health,13661,1220,0.94
49,zi3qtj,1670706848.0,https://www.psypost.org/2022/12/catholic-collective-narcissism-linked-to-acceptance-of-myths-about-child-sexual-abuse-64490,Catholic collective narcissism linked to acceptance of myths about child sexual abuse,Psychology,13164,485,0.87
50,yymso2,1668785342.0,https://link.springer.com/content/pdf/10.1007/s11920-022-01382-9.pdf,"Incels report significant issues pertaining to their mental, social, and relational well-being and may seek support from forums that often feature misogynistic and violent content.",Psychology,12699,2104,0.88
51,z26ysp,1669155560.0,https://academic.oup.com/nutritionreviews/advance-article-abstract/doi/10.1093/nutrit/nuac096/6839865,"Despite high heterogeneity across studies, these results indicate that children and adolescents on plant-based diets, especially those on vegan and macrobiotic diets, may be at risk of developing vitamin B12 deficiency.",Health,12391,1246,0.87
52,zhru3v,1670676769.0,https://www.nytimes.com/2022/12/08/science/vagina-chip-bacterial-vaginosis.html,"New organ-on-a-chip model of the human vagina allows scientists to study bacterial interactions in the vaginal microbiome, enabling a promising way to test treatments for vaginosis",Medicine,12335,286,0.95
53,yw0bfh,1668526077.0,https://www.wsj.com/articles/marijuana-may-hurt-smokers-more-than-cigarettes-alone-11668517007?mod=hp_lead_pos11,Marijuana May Hurt Smokers More than Cigarettes Alone,Health,11913,3440,0.7
54,z6yvle,1669647993.0,https://www.tandfonline.com/doi/full/10.1080/10511482.2022.2109710,"Study: Renters underrepresented in local, state and federal government; 1 in 3 Americans rent but only around 7% of elected officials are renters",Economics,11033,462,0.93
55,z6z82t,1669648873.0,https://pubmed.ncbi.nlm.nih.gov/36436924/,"Regarding cancer risk and alcohol consumption, there is no safe drinking limit : even light alcohol consumption is dangerous.",Medicine,11014,1322,0.91
56,zb5auq,1670034592.0,https://beta.nsf.gov/news/largest-potentially-hazardous-asteroid-detected-8,Largest potentially hazardous asteroid detected in 8 years: Twilight observations spot 3 large near-Earth objects lurking in the inner solar system,Astronomy,10962,579,0.96
57,ywzsbo,1668619293.0,https://www.ncbi.nlm.nih.gov/pmc/articles/PMC9565972/,Cannabis use is closely and causally associated with testicular cancer rates across both time and space and higher in States with liberal cannabis legislation.,Medicine,10676,1574,0.69
58,zbxj6a,1670119639.0,https://www.eurekalert.org/news-releases/973063,Researchers from the University of Birmingham have shown that human T cell immunity is currently coping with mutations that have accumulated over time in COVID-19 variants.,Epidemiology,10214,292,0.96
59,yzrop2,1668907616.0,https://www.sciencedirect.com/science/article/pii/S2542504822000392,Worldwide around 41% of the total amount of tyres is discarded into landfills or stockpiles without any recovery of the material or of the energy. The chemical composition of tyres makes them extremely resistant to degradation phenomena with a potential long-term permanence in the environment,Environment,10029,418,0.95
60,zdqgbm,1670288771.0,https://arstechnica.com/science/2022/12/as-the-arctic-warms-beavers-are-moving-in/,"As the Arctic warms, beavers are moving in",Environment,9797,321,0.97
61,zdeghq,1670263747.0,https://jamanetwork.com/journals/jamainternalmedicine/fullarticle/2799223?guestAccessKey=180aa224-09cd-4fa4-973e-4cab07369c83&utm_source=For_The_Media&utm_medium=referral&utm_campaign=ftm_links&utm_content=tfl&utm_term=120522,"Paying obese people cash to lose weight doubles their rate of fat loss. The study showed participants in the cash-incentive groups lost the 10lbs (4.5kg) target within six months, but those in the other group only got half way to the target",Health,9297,652,0.96
62,z618wu,1669555720.0,https://www.washington.edu/news/2022/11/16/more-u-s-adults-carrying-loaded-handguns-daily-study-finds/,"More US adults carrying loaded handguns daily, study finds",Social Science,8924,2955,0.94
63,ze5m44,1670330180.0,https://www.eurekalert.org/news-releases/973407,"Consistent exercise can change not just waistlines but the very molecules in the human body that influence how genes behave, a new study of twins indicates.",Health,8885,365,0.97
64,zbdi09,1670064043.0,https://www.uea.ac.uk/news/-/article/overweight-women-most-likely-to-suffer-long-covid,"Overweight women most likely to suffer long covid. The study is one of the largest studies on long Covid in the UK. It shows that having a higher BMI is linked with the condition, and that women are more likely to experience long Covid than men.",Health,8864,559,0.94
65,yx9mnt,1668640784.0,https://direct.mit.edu/rest/article-abstract/104/6/1341/97747/Racial-Disparities-in-Voting-Wait-Times-Evidence?redirectedFrom=fulltext,"In the 2016 election in the US, residents of black neighborhoods waited 29% longer to vote and were 74% more likely to spend 30+ minutes at their polling place (relative to white neighborhoods). This disparity holds when comparing white and black polling places within the same states and counties.",Social Science,8409,427,0.93
66,z9sevd,1669912596.0,https://agnr.umd.edu/news/keep-your-cats-inside-sake-their-health-and-local-ecosystem,"Keep your cats inside for the sake of their health and local ecosystem: cameras recorded what cats preyed on and demonstrated how they overlapped with native wildlife, which helped researchers understand why cats and other wildlife are present in some areas, but absent from others",Animal Science,7881,1136,0.92
67,yyte94,1668802355.0,https://www.nature.com/articles/s43587-022-00311-y,Intermittent fasting protects against Alzheimer's disease in mice by altering metabolism through remodeling of the gut microbiota,Health,7519,280,0.96
68,z6y7t4,1669646329.0,https://www.aeaweb.org/articles?id=10.1257/aer.20181506,"Between 1996 and 2018, the minimum wage in Brazil increased by 128%. This contributed to a massive reduction in income inequality with little adverse effects on employment and economic output.",Economics,7439,184,0.96
69,z542q1,1669457423.0,https://news.arizona.edu/story/525-million-year-old-fossil-defies-textbook-explanation-brain-evolution,"525-million-year-old fossil defies textbook explanation for brain evolution, revealing that a common genetic blueprint of brain organization has been maintained from the Cambrian until today",Genetics,7280,224,0.97
70,z9nmnb,1669900595.0,https://www.bmj.com/content/379/bmj-2022-073070,"COVID-19 vaccines. The study of more than 800,000 patients found that the vaccines remain effective in preventing death in adolescents and children, regardless of which variants are predominant (Delta, Omicron, etc.).",Health,7181,1139,0.87
71,yyyp64,1668816667.0,https://www.pnas.org/post/journal-club/cancer-killing-drug-strategy-harnesses-immune-system,"Early results suggest a new cancer-fighting drug, an immune stimulator antibody conjugate, can stimulate the immune system to attack tumors from within, a strategy that could prove fruitful for future treatments",Cancer,6967,104,0.96
72,z1ya6v,1669135378.0,https://www.zmescience.com/science/sheep-flock-leader-leadership-92452234234/,Sheep flocks operate as a type of ‘collective intelligence’ and elect temporary leaders to guide them while moving. The fluidity of this process is extremely surprising.,Animal Science,6888,150,0.97
73,z6942b,1669574974.0,https://www.psypost.org/2022/11/smartphone-addiction-linked-with-lower-cognitive-abilities-less-self-control-and-worse-psychological-well-being-64400,"Smartphone addiction linked with lower cognitive abilities, less self-control, and worse psychological well-being",Health,6849,370,0.96
74,z171qw,1669057278.0,https://themarijuanaherald.com/2022/11/study-cannabinoids-may-induce-immunogenic-cell-death/,Study: Cannabinoids May Induce Immunogenic Cell Death,Cancer,6819,468,0.92
75,zcfm9v,1670174707.0,https://www.aacr.org/about-the-aacr/newsroom/news-releases/few-americans-are-aware-of-links-between-alcohol-and-cancer-risk/,"Despite conclusive research that shows that all alcoholic beverages, including wine, increase the risk of many types of cancer, Americans demonstrated low awareness of this risk, and some perceived alcohol as having health benefits",Social Science,6527,666,0.94
76,zd7iww,1670248913.0,https://www.psypost.org/2022/12/a-low-dose-of-caffeine-suppresses-alpha-brain-waves-and-improves-executive-functioning-64449,A low-dose of caffeine suppresses alpha brain waves and improves executive functioning,Neuroscience,6252,584,0.97
77,z3mml5,1669303285.0,https://stratcann.com/news/more-testing-needed-to-address-heavy-metals-in-vapes-say-researchers/,"More testing needed to address heavy metals in cannabis vapes, say researchers",Health,6169,418,0.96
78,yxw2kd,1668706075.0,https://astronomy.com/news/2022/11/pristine-meteorite-found-within-hours-of-hitting-earth,"Pristine meteorite found and analyzed within hours of hitting Earth, helping shed light on the birth of the solar system.",Astronomy,6122,268,0.97
79,zhgzjr,1670641036.0,https://www.nature.com/articles/s41541-022-00577-8,"The mRNA vaccine technology successfully used for COVID has been adapted to fight malaria, a disease that killed over 625,000 people in 2020. In a research study on mice, two mRNA vaccines were highly effective in reducing infection in the host and in the mosquito vector.",Epidemiology,5869,203,0.95
80,z0svf0,1669016437.0,https://jamanetwork.com/journals/jama/fullarticle/2798990?utm_source=twitter&utm_campaign=content-shareicons&utm_content=article_engagement&utm_medium=social&utm_term=111922#.Y3j_FREvPnQ.twitter,"The US continued to experience significantly higher COVID-19 and excess all-cause mortality compared with peer countries during 2021 and early 2022, a difference accounting for 150 000 to 470 000 deaths. This difference was muted in the 10 states with highest vaccination coverage.",Medicine,5824,419,0.92
81,ze1ty2,1670319421.0,https://jamanetwork.com/journals/jamaneurology/fullarticle/2799140,A new study has found that middle-aged adults who ate the most ultra-processed foods saw their brains decline 28 per cent quicker than those eating the least.,Health,5700,353,0.96
82,z2oa9s,1669207747.0,https://journals.sagepub.com/doi/10.1177/13591053221134848,"People’s fear of COVID-19 has led to worsened mental health. Research found COVID-19 fear continued to have an impact on people’s wellbeing when circumstances had appeared to considerably improve, thus demonstrating the long-term impact of the pandemic on wellbeing.",Health,5457,983,0.92
83,zi044r,1670698085.0,https://www.jpeds.com/article/S0022-3476(22)01023-X/fulltext,"Study shows that more than 10% of gun owners with children report that a child can independently access one of their guns, including parents who store all guns locked and unloaded.",Social Science,5453,789,0.91
84,yylrk3,1668782631.0,https://www.nihr.ac.uk/news/investigating-effects-of-water-fluoridation-on-childrens-dental-health/31995,"Adding fluoride to water supplies may deliver a modest benefit to children’s dental health, finds an NIHR-funded study. But, the benefits are smaller than shown in previous studies - carried out 50 years ago - when fluoride toothpaste was less available in the UK.",Health,5179,368,0.94
85,yuvf0g,1668422297.0,https://today.umd.edu/todays-honey-bees-live-only-half-as-long-as-70s-bees,"The lifespans of honey bees living in laboratory environments has dropped about 50% over the last 50 years, hinting at possible causes for the worrisome trends across the beekeeping industry, according to new research by University of Maryland entomologists.",Animal Science,5094,146,0.97
86,z08cut,1668961718.0,https://link.springer.com/article/10.1007/s40653-022-00475-0,"LGB Youth More Than Twice as Likely to Attempt Suicide Than Heterosexual Peers. Sexual abuse had the strongest influence on suicidal thoughts and attempts among gay and lesbian youth, while sexual dating violence had the biggest impact on bisexual adolescents.",Anthropology,5042,529,0.9
87,z4hoea,1669394082.0,https://www.psypost.org/2022/11/dissociative-symptoms-are-common-among-individuals-with-depression-study-finds-64377,"Dissociative symptoms are common among individuals with depression, study finds",Psychology,5036,172,0.97
88,za3ie2,1669936605.0,https://www.cambridge.org/core/journals/public-health-nutrition/article/big-food-and-drink-sponsorship-of-conferences-and-speakers-a-case-study-of-one-multinational-companys-influence-over-knowledge-dissemination-and-professional-engagement/8CDF0FB72D25E36033C459777F336B4F,"A new study based on 22 FOI requests of over 11,000 pages found that Coca-Cola exerts direct influence on academic institutions and organizations that convene major public health conferences and events, and makes payments directly to speakers and researchers conditional on media interviews.",Health,5026,129,0.97
89,zf9pi7,1670438720.0,https://www.cam.ac.uk/research/news/pedestrians-choose-healthy-obstacles-over-boring-pavements-study-finds,"Pedestrians choose healthy obstacles over boring pavements, study finds",Social Science,4807,238,0.96
90,ywdhum,1668555909.0,https://newsroom.unsw.edu.au/news/science-tech/dam-safety-study-indicates-probable-maximum-flood-events-will-significantly?utm_source=reddit&utm_medium=social,Study indicates flood events at dams will significantly increase over next 80 years due to out of date rainfall modelling and climate change.,Engineering,4605,73,0.96
91,zenarg,1670373393.0,https://arstechnica.com/science/2022/12/ankylosaurs-tails-may-have-been-the-original-cretaceous-fight-clubs/,New find suggests ankylosaur’s tail clubs were for bashing each other,Paleontology,4585,406,0.96
92,yyo1ra,1668788602.0,https://www.psypost.org/2022/11/psychologists-demonstrate-why-feeling-appreciated-is-particularly-important-for-avoidantly-attached-individuals-64335,Psychologists demonstrate why feeling appreciated is particularly important for avoidantly attached individuals,Psychology,4519,159,0.97
93,z41clj,1669342971.0,https://www.science.org/doi/10.1126/science.abm0271,New mRNA vaccine targeting all known flu strains shows early promise,Epidemiology,4279,237,0.94
94,z3h5to,1669287872.0,https://news.liverpool.ac.uk/2022/11/23/the-real-paleo-diet-new-archaeological-evidence-changes-what-we-thought-about-how-ancient-humans-prepared-food/,"Palaeolithic hunter-gatherers used culinary seasoning in food preparation, according to analysis of the oldest charred food remains ever found",Paleontology,4174,147,0.98
95,zg0fon,1670509599.0,https://www.eurekalert.org/news-releases/973345,White Americans who believe white people are poor are more likely to support welfare policies,Psychology,4125,691,0.87
96,zbhy0t,1670078891.0,https://www.psypost.org/2022/12/study-on-lsd-microdosing-uncovers-neuropsychological-mechanisms-that-could-underlie-anti-depressant-effects-64429,Study on LSD microdosing uncovers neuropsychological mechanisms that could underlie anti-depressant effects (4 min read) | PsyPost [Dec 2022],Neuroscience,4107,277,0.95
97,zfle6n,1670464520.0,https://www.eurekalert.org/news-releases/973456,"New receptor “decoy” drug neutralizes COVID-19 virus and its variants: Scientists have developed a drug that potently neutralizes SARS-CoV-2, the COVID-19 coronavirus, and is equally effective against the Omicron variant and every other tested variant.",Medicine,3993,210,0.97
98,z7o9bm,1669711512.0,https://www.mpg.de/19560696/1125-ornr-animals-are-key-to-restoring-the-world-s-forests-987453-x,"Research shows animals are key to restoring the world’s forests. The unique long-term data set revealed that animals, by carrying a wide variety of seeds into deforested areas, are key to the recovery of tree species richness and abundance to old-growth levels after only 40 to 70 years of regrowth.",Environment,3909,46,0.97
99,z6icjk,1669597219.0,https://www.uwa.edu.au/news/Article/2022/October/Tiny-crustacean-reveals-deepest-parts-of-oceans-like-isolated-islands,"The deepest ocean trenches of Earth function as island-like habitats, with distinct fauna on separate evolutionary trajectories",Genetics,3818,39,0.97
